source,title,company,link
Remotive,"Staff Software Engineer, Product (Belo Horizonte)",LawnStarter,https://remotive.com/remote-jobs/software-development/staff-software-engineer-product-belo-horizonte-2091056
Remotive,"Staff Software Engineer, Product (Montevideo)",LawnStarter,https://remotive.com/remote-jobs/software-development/staff-software-engineer-product-montevideo-2091058
Remotive,"Staff Software Engineer, Product (São Paulo)",LawnStarter,https://remotive.com/remote-jobs/software-development/staff-software-engineer-product-sao-paulo-2091055
Remotive,"Staff Software Engineer, Product (Mexico City)",LawnStarter,https://remotive.com/remote-jobs/software-development/staff-software-engineer-product-mexico-city-2091050
Remotive,"Staff Software Engineer, Product (Campinas)",LawnStarter,https://remotive.com/remote-jobs/software-development/staff-software-engineer-product-campinas-2091049
Remotive,"Staff Software Engineer, Product (Florianópolis)",LawnStarter,https://remotive.com/remote-jobs/software-development/staff-software-engineer-product-florianopolis-2091059
Remotive,Staff Product Engineer (Mexico City),LawnStarter,https://remotive.com/remote-jobs/product/staff-product-engineer-mexico-city-2091057
Remotive,Staff Product Engineer (Montevideo),LawnStarter,https://remotive.com/remote-jobs/product/staff-product-engineer-montevideo-2091054
Remotive,Staff Product Engineer (Campinas),LawnStarter,https://remotive.com/remote-jobs/product/staff-product-engineer-campinas-2091053
Remotive,Staff Product Engineer (Belo Horizonte),LawnStarter,https://remotive.com/remote-jobs/product/staff-product-engineer-belo-horizonte-2091052
Remotive,Staff Product Engineer (Florianópolis),LawnStarter,https://remotive.com/remote-jobs/product/staff-product-engineer-florianopolis-2091051
Remotive,Product Sales Specialist - Pet Health,Tribe Wellness,https://remotive.com/remote-jobs/sales/product-sales-specialist-pet-health-2091048
Remotive,Inside Sales Contractor,"Credit Wellness, LLC",https://remotive.com/remote-jobs/sales/inside-sales-contractor-2086540
Remotive,High-Ticket Financial Sales Specialist & Team Lead Track,FSE LLC,https://remotive.com/remote-jobs/sales/high-ticket-financial-sales-specialist-team-lead-track-2090949
Remotive,Online Data Analyst Canada,TELUS Digital,https://remotive.com/remote-jobs/all-others/online-data-analyst-canada-2091047
Remotive,Tier III Service Desk Engineer,Unio Digital,https://remotive.com/remote-jobs/information-technology/tier-iii-service-desk-engineer-2091045
Remotive,Freelance Writer,IAPWE,https://remotive.com/remote-jobs/writing/freelance-writer-1185979
Remotive,Freelance Copywriter,Coalition Technologies ,https://remotive.com/remote-jobs/writing/freelance-copywriter-1749306
Remotive,Senior AI Engineer,Lemon.io,https://remotive.com/remote-jobs/artificial-intelligence/senior-ai-engineer-2090986
Remotive,Customer Operations & Writing Specialist,"Clerky, Inc.",https://remotive.com/remote-jobs/customer-service/customer-operations-writing-specialist-2090942
Remotive,Communications Manager,Lemon.io,https://remotive.com/remote-jobs/communications/communications-manager-2090985
Remotive,Client Success Coach (CSM),Impact Clients,https://remotive.com/remote-jobs/customer-service/client-success-coach-csm-2091039
Remotive,Sales Assistant ,Endureed by Global Innovation ,https://remotive.com/remote-jobs/sales/sales-assistant-2091038
Remotive,Mid/Senior AI Cinematic Video Editor,EverAI,https://remotive.com/remote-jobs/artificial-intelligence/mid-senior-ai-cinematic-video-editor-2091035
Remotive,Senior Product Manager,Lemon.io,https://remotive.com/remote-jobs/product/senior-product-manager-2090984
Remotive,Staff Product Engineer (São Paulo),LawnStarter,https://remotive.com/remote-jobs/product/staff-product-engineer-sao-paulo-2091000
Remotive,Senior Quality Engineer (Florianópolis),LawnStarter,https://remotive.com/remote-jobs/qa/senior-quality-engineer-florianopolis-2090994
Remotive,Senior Quality Engineer (São Paulo),LawnStarter,https://remotive.com/remote-jobs/qa/senior-quality-engineer-sao-paulo-2090995
Remotive,Senior Quality Engineer (Belo Horizonte),LawnStarter,https://remotive.com/remote-jobs/qa/senior-quality-engineer-belo-horizonte-2090996
Remotive,Senior Quality Engineer (Campinas),LawnStarter,https://remotive.com/remote-jobs/qa/senior-quality-engineer-campinas-2090998
Remotive,Senior Quality Engineer (Porto Alegre),LawnStarter,https://remotive.com/remote-jobs/qa/senior-quality-engineer-porto-alegre-2090997
Remotive,Mid/Senior AI Cinematic Video Editor,EverAI,https://remotive.com/remote-jobs/artificial-intelligence/mid-senior-ai-cinematic-video-editor-2090887
Remotive,Senior Independent AI Engineer / Architect,A.Team,https://remotive.com/remote-jobs/software-development/senior-independent-ai-engineer-architect-1919266
Remotive,Senior Independent Software Developer,A.Team,https://remotive.com/remote-jobs/software-development/senior-independent-software-developer-1919265
Remotive,Frontend Developer,Quinncia Inc,https://remotive.com/remote-jobs/software-development/frontend-developer-2090991
Remotive,Tech Lead Full-Stack Rails Engineer,Mitre Media,https://remotive.com/remote-jobs/software-development/tech-lead-full-stack-rails-engineer-2069746
Remotive,Head of Engineering,Lemon.io,https://remotive.com/remote-jobs/software-development/head-of-engineering-2090983
Remotive,Quality Assurance Rater - German (Germany),TELUS Digital,https://remotive.com/remote-jobs/all-others/quality-assurance-rater-german-germany-2090988
Remotive,Senior Data Scientist,Lemon.io,https://remotive.com/remote-jobs/data/senior-data-scientist-2090982
